,value,temperature,humidity
count,8737.0,8737.0,8737.0
mean,1347.524989007786,11.611727759199377,76.9039293667594
std,403.9419541954822,9.34658724471469,6.394164759291006
min,369.99612448888126,-5.0,55.525636519807136
25%,1045.8254967473229,3.845837231698373,72.38881280688369
50%,1320.6000880250035,11.711687884822314,76.99642015442703
75%,1620.6684747541567,19.33783894627751,81.38748638077377
max,3911.744054525077,33.8163844362977,90.0
