,value,value,value,value,temperature,temperature,temperature,temperature,humidity,humidity,humidity,humidity
,mean,std,min,max,mean,std,min,max,mean,std,min,max
season,,,,,,,,,,,,
Winter,1390.8624330870937,378.3451028024255,557.3638303576025,3071.620506460007,2.1515909379155698,4.608238981658247,-5.0,14.552976350237923,80.84749959482171,5.229953624549803,61.28093146762215,90.0
Spring,1482.2210487095558,387.11041791740377,616.5590643115559,3911.744054525077,6.111175998071837,5.874432747839588,-5.0,22.219291609096864,79.14315987494578,5.6150719376369524,59.68703467330664,90.0
Summer,1247.773715922551,415.66407218087784,452.8527536583471,2592.8055954013817,20.98163038118653,4.782743922870633,8.034042039200221,33.8163844362977,73.09812711591407,5.515629339614473,55.525636519807136,90.0
Fall,1270.8502692696754,388.38904804852325,369.99612448888126,2714.104661232792,16.993126198983337,5.859515761448859,0.7796416919486004,31.93893955221728,74.61313771795977,5.82721941810595,57.756415062991,90.0
